segmento,coerencia_media,desvio
expansao(42),0.5016368213473006,0.35494195963062997
compressao(21),0.07384059164616963,0.5410432941465445
espelho(21),-0.048752817884729224,0.5321981174527245
TOTAL,0.2570903541140104,0.518328260455999
